ALTER TABLE USERS MODIFY (ACTIVE NUMBER(1) DEFAULT 1);

INSERT INTO "CUSTOMER" (ID, NAME, EMAIL, CREATED_DATE) VALUES(1, 'abacki','spamer@yahoo.com', TO_DATE('2017-02-11', 'yyyy-mm-dd'));
INSERT INTO "CUSTOMER" (ID, NAME, EMAIL, CREATED_DATE) VALUES(2, 'cabacki','mejlik123@gmail.com', TO_DATE('2017-02-12', 'yyyy-mm-dd'));
INSERT INTO "CUSTOMER" (ID, NAME, EMAIL, CREATED_DATE) VALUES(3, 'babacki','pustostan@wp.pl', TO_DATE('2017-02-13', 'yyyy-mm-dd'));

INSERT INTO USERS (ID, USERNAME, PASSWORD, FIRSTNAME, LASTNAME, EMAIL, ENABLED, lastpassres) VALUES (1, 'admin', '$2a$08$UkVvwpULis18S19S5pZFn.YHPZt3oaqHZnDwqbCW9pft6uFtkXKDC', 'Jan', 'Kowalski', 'admin@admin.com', 1, '2017-01-01');
INSERT INTO USERS (ID, USERNAME, PASSWORD, FIRSTNAME, LASTNAME, EMAIL, ENABLED, lastpassres) VALUES (2, 'user', '$2a$08$UkVvwpULis18S19S5pZFn.YHPZt3oaqHZnDwqbCW9pft6uFtkXKDC', 'Adam', 'Nowak', 'AdamNowak@user.com', 1, '2017-01-01');
INSERT INTO USERS (ID, USERNAME, PASSWORD, FIRSTNAME, LASTNAME, EMAIL, ENABLED, lastpassres) VALUES (3, 'disabled', '$2a$08$UkVvwpULis18S19S5pZFn.YHPZt3oaqHZnDwqbCW9pft6uFtkXKDC', 'Użytkownik', 'Zablokowany', 'disabled@user.com', 0, '2017-01-01');
INSERT INTO USERS (ID, USERNAME, PASSWORD, FIRSTNAME, LASTNAME, EMAIL, ENABLED, lastpassres) VALUES (4, 'manager', '$2a$08$UkVvwpULis18S19S5pZFn.YHPZt3oaqHZnDwqbCW9pft6uFtkXKDC', 'Andrzej', 'Randka', 'andrzej@randka.com', 1, '2017-01-01');
INSERT INTO USERS (ID, USERNAME, PASSWORD, FIRSTNAME, LASTNAME, EMAIL, ENABLED, lastpassres) VALUES (5, 'one', '$2a$08$UkVvwpULis18S19S5pZFn.YHPZt3oaqHZnDwqbCW9pft6uFtkXKDC', 'Kazimierz', 'Rubaszka', 'hehe@admin.com', 1, '2017-01-01');
INSERT INTO USERS (ID, USERNAME, PASSWORD, FIRSTNAME, LASTNAME, EMAIL, ENABLED, lastpassres) VALUES (6, 'two', '$2a$08$UkVvwpULis18S19S5pZFn.YHPZt3oaqHZnDwqbCW9pft6uFtkXKDC', 'Ludmiła', 'Krzak', 'lol@admin.com', 1, '2017-01-01');



INSERT INTO AUTHORITY (ID, NAME) VALUES (1, 'ROLE_USER');
INSERT INTO AUTHORITY (ID, NAME) VALUES (2, 'ROLE_MANAGER');
INSERT INTO AUTHORITY (ID, NAME) VALUES (3, 'ROLE_ADMIN');

--admin ma prawa usera, managera i admina!!!
INSERT INTO USER_AUTHORITY (USER_ID, AUTHORITY_ID) VALUES (1, 1);
INSERT INTO USER_AUTHORITY (USER_ID, AUTHORITY_ID) VALUES (1, 2);
INSERT INTO USER_AUTHORITY (USER_ID, AUTHORITY_ID) VALUES (1, 3);
INSERT INTO USER_AUTHORITY (USER_ID, AUTHORITY_ID) VALUES (2, 1);
INSERT INTO USER_AUTHORITY (USER_ID, AUTHORITY_ID) VALUES (3, 1);
INSERT INTO USER_AUTHORITY (USER_ID, AUTHORITY_ID) VALUES (4, 2);
INSERT INTO USER_AUTHORITY (USER_ID, AUTHORITY_ID) VALUES (5, 1);
INSERT INTO USER_AUTHORITY (USER_ID, AUTHORITY_ID) VALUES (6, 1);

--przykladowa rozmowa
INSERT INTO CONVERSATION (ID,MEMBER_ONE_ID,MEMBER_TWO_ID) VALUES (1,5,6);
INSERT INTO CONVERSATION (ID,MEMBER_ONE_ID,MEMBER_TWO_ID) VALUES (2,2,5);